I-mV,II-mV,V1-mV
4.333221538854929,4.337331750233874,4.400148963937101
4.3333686669688625,4.33767288551765,4.400134539612206
4.333251108720964,4.337882038228633,4.400061696771484
4.33280900316292,4.337864729038759,4.400148963937101
4.332535662206152,4.337870498768717,4.400430238272562
4.332296218412889,4.3379469476906625,4.400375425837959
4.332001962185022,4.33767432795014,4.400747573420261
4.3319969136713095,4.3378250621452965,4.400451874759905
4.331988259076372,4.337776019440652,4.400740361257813
4.331929840560545,4.337677212815119,4.400593954360125
4.331992586373841,4.337769528494449,4.400747573420261
4.331847621908642,4.337723370654783,4.400575202737761
4.3320668716470525,4.3376829825450764,4.400562220845355
4.3320445139434645,4.337779625521876,4.400585299765187
4.332009895563716,4.337715437276091,4.400766325042624
4.332046677592198,4.337724091871029,4.400640833416035
4.3320257623211,4.337767364845715,4.40051173570822
4.33215125394769,4.337882038228633,4.400601166522572
4.3321411569202635,4.337896462553528,4.400408601785219
4.332086344485661,4.337934687014501,4.400323498268336
4.331991865157596,4.337852468362597,4.4006062150362855
4.3321649570563405,4.337998154044041,4.400600445306328
4.332289006250441,4.338037820937504,4.400586742197677
4.332099326378067,4.33798589336788,4.40057808760274
4.331965901372784,4.337915214175893,4.4005802512514745
4.332081295971947,4.337984450935391,4.400472068814759
4.332147647866466,4.337976517556698,4.400234067453984
4.3319695074540085,4.3379217051220955,4.400660306254643
4.332040186645996,4.338029166342566,4.40040283205526
4.33196229529156,4.337990220665349,4.400199449074235
4.332060380700849,4.337976517556698,4.399983084200804
4.332073362593255,4.337990941881593,4.399995344876965
4.332340212603819,4.338175573240254,4.4000984787999675
4.332348867198757,4.338164033780338,4.400126606233514
4.332181545029971,4.338161148915359,4.40049803259957
4.332257272735672,4.3381395124280155,4.400876671128074
4.332084902053172,4.338106336480756,4.400751900717729
4.332162793407607,4.338153215536667,4.4007237732841835
4.332255109086937,4.33823687662106,4.400657421389664
4.3321880359761735,4.338216682566207,4.4006494880109726
4.332273860709301,4.338215961349962,4.400601166522572
4.331120635933914,4.337564703080934,4.400932204778922
4.329674597363149,4.335892202609313,4.40148393520617
4.331122078366403,4.335566934082921,4.401250982359111
4.345978411792421,4.346275552885267,4.394908606702603
4.3563011799038165,4.3545918974037106,4.3938844796350285
4.34905800515759,4.350047513845414,4.398371887109988
4.338238319053549,4.341572501753121,4.401486098854905
4.3347656628349815,4.339592041944983,4.400696367066882
4.333197017502607,4.338538345011374,4.400551402601683
4.3328623731650335,4.338294573920641,4.400403553271505
4.332376273416058,4.337948390123152,4.400657421389664
4.332136829622795,4.3377536617370644,4.4002203643453335
4.332061101917094,4.337645479300348,4.400637948551055
4.332067592863297,4.337552442404773,4.400551402601683
4.332106538540514,4.337675049166384,4.400571596656537
4.332129617460347,4.337726976736008,4.400448989894925
4.332301266926603,4.337698849302462,4.400788682746213
4.332210393679762,4.337447144833036,4.400754785582708
4.332175775300012,4.337601485109418,4.400223249210312
4.332194526922376,4.337388726317211,4.400759834096422
4.332105096108025,4.337230058743361,4.400584578548942
4.332344539901288,4.337299295502858,4.400767046258869
4.332486619501508,4.337203373742304,4.400943023022593
4.33270009950996,4.337191113066143,4.400746130987771
4.332731111808486,4.337096633738078,4.4007482946365055
4.333084507768422,4.337175967525003,4.400839167883347
4.333228029801131,4.337294246989146,4.400746130987771
4.333480455486801,4.33748392686152,4.4002903223210765
4.333823754419312,4.337931802149522,4.400249934211369
4.333924003477335,4.338192882430129,4.399631851889601
4.333742978199897,4.338310440678026,4.3999289929824466
4.3332222600711745,4.338373186491322,4.399817204464507
4.332845063975159,4.338303949731824,4.399698925000365
4.332661153832743,4.33814167607675,4.400296813267279
4.332448395040535,4.338036378505014,4.400337201376987
4.33232506706268,4.338070275668517,4.400329267998294
4.33233877017133,4.338065227154805,4.40016843677571
4.332232030167104,4.338009693503958,4.400143915423388
4.332353915712471,4.3380666695872945,4.4001468002883675
4.332254387870692,4.338052966478644,4.399893653386453
4.332328673143904,4.338048639181175,4.400143915423388
4.3323813219297715,4.338107778913246,4.399988132714517
4.332380600713527,4.338039984586238,4.400135982044695
4.332517631800034,4.338243367567262,4.400080448393848
4.332474358825348,4.338144560941729,4.400252819076348
4.332563789639698,4.338258513108403,4.40010496974617
4.3322608788168955,4.338102730399533,4.399815762032017
4.332302709359093,4.338261397973382,4.399603724456055
4.3324520011217595,4.3383089982455365,4.400127327449758
4.332310642737784,4.3381863914839265,4.400070351366421
4.332480128555305,4.338249137297221,4.399827301491934
4.332514025718809,4.3382851981094595,4.399985969065783
4.332212557328496,4.3383796774375245,4.3999975085257
4.332268090979343,4.338418623114742,4.399618869997195
4.33229044868293,4.338243367567262,4.400066024068952
4.3322139997609845,4.338270773784565,4.399800616490878
4.33223130895086,4.338271495000809,4.399888604872739
4.332414497877031,4.338416459466008,4.399683779459225
4.332223375572167,4.338481368928037,4.399943417307342
4.332128896244103,4.338246252432242,4.399676567296777
4.332266648546853,4.338463338521918,4.400008326769371
4.332101490026801,4.338262119189627,4.399877065412823
4.33232362463019,4.338584502851039,4.399824416626955
4.332232030167104,4.338389053248706,4.399901586765145
4.332304151791581,4.338448192980778,4.3998092710858145
4.332085623269416,4.33839265932993,4.399403226340009
4.332212557328496,4.338459011224449,4.399153685519319
4.331895943397042,4.338272937433299,4.399573433373774
4.332120241649165,4.338399150276133,4.398981314836818
4.332112308270473,4.338342895409041,4.399944138523587
4.332690002482534,4.338903280431228,4.399547469588963
4.33227530314179,4.338545557173822,4.400160503397017
4.332074805025744,4.338372465275077,4.3996426701332725
4.332221211923432,4.338523199470234,4.399767440543618
4.332077689890723,4.338611187852096,4.3999556779835025
4.332068314079542,4.338528969200191,4.3998568713579695
4.332122405297899,4.338497235685422,4.400328546782049
4.332050283673422,4.338557817849983,4.400011932850595
4.331432201351655,4.337954881069354,4.400047993662834
4.329934956427512,4.336419411684239,4.4007728159888275
4.330535729559405,4.3355640492179415,4.400395619892813
4.3418732489271905,4.34551394853079,4.394531410606588
4.354838553359421,4.354363271854119,4.393037050547424
4.348977950154421,4.350887730770571,4.397195583414768
4.333146532365473,4.3387640856959875,4.399345529040428
4.332739045187178,4.338587387716018,4.399775373922311
4.332207508814783,4.33817340959152,4.40010496974617
4.331837524881215,4.338082536344679,4.40018502474934
4.3321671207050745,4.338345059057775,4.399940532442363
4.331985374211393,4.338094075804595,4.399877065412823
4.3320697565120305,4.338060178641091,4.399831628789403
4.331905319208223,4.337832995523989,4.399562615130103
4.331902434343244,4.337771692143183,4.399843889465563
4.332043071510975,4.337926032419563,4.399722725136442
4.332149090298956,4.337911608094669,4.400070351366421
4.332131781109081,4.337880595796143,4.400200891506725
4.332074083809499,4.33773346768221,4.400330710430783
4.332375552199814,4.337931802149522,4.399924665684978
4.3324303646344156,4.337731304033476,4.400188630830564
4.332428200985682,4.337614467001824,4.400247770562634
4.332508977205096,4.337510611862577,4.399938368793628
4.332882567219887,4.337888529174836,4.400586020981432
4.333159514257879,4.337788280116813,4.40032421948458
4.333072968308507,4.337917377824627,4.400379753135428
4.333287169533204,4.3381279729681,4.39969820378412
4.333503534406634,4.338634987988173,4.399305862146965
4.333512189001571,4.338617678798298,4.398819041181746
4.333117683715682,4.338470550684366,4.3992337405224875
4.33329582412814,4.3387633644797425,4.399052715245051
4.3325270076112155,4.338604696905893,4.3995193421554175
4.332348867198757,4.338497235685422,4.399894374602698
4.332129617460347,4.338363089463894,4.400022029878022
4.33205749583587,4.338426556493435,4.400101363664947
4.332226260437146,4.338441702034575,4.39973137973138
4.332379158281038,4.338658788124251,4.3996426701332725
4.332098605161822,4.338455405143225,4.399739313110072
4.332301266926603,4.338518872172765,4.39937149282524
4.332201017868579,4.338459011224449,4.399540978642761
4.332249339356979,4.338653018394292,4.399866968385396
4.332001240968778,4.338349386355244,4.400081890826338
4.332027925969834,4.338510217577828,4.399597233509852
4.332282515304239,4.338759758398519,4.3999542355510135
4.332252224221958,4.338508775145338,4.399847495546787
4.332298382061624,4.338704945963916,4.399407553637477
4.332157744893894,4.338646527448089,4.399630409457112
4.33223130895086,4.338616236365809,4.399646276214496
4.3321411569202635,4.338625612176991,4.3996671914855945
4.332079132323213,4.3386191212307885,4.399888604872739
4.332070477728276,4.338530411632681,4.399734985812604
4.332216163409719,4.338726582451259,4.399669355134329
4.332155581245159,4.338835486104219,4.399853265276746
4.332068314079542,4.338746055289867,4.399459481207101
4.3321411569202635,4.338664557854209,4.399381589852666
4.332072641377009,4.338544835957577,4.399887883656495
4.332063265565829,4.338577290688591,4.400011932850595
4.331912531370671,4.338511660010317,4.399861919871682
4.332049562457177,4.33866023055674,4.399393129312582
4.332079853539458,4.33856647244492,4.399316680390637
4.33205749583587,4.338535460146395,4.399282783227132
4.332216884625963,4.338469829468121,4.399231576873754
4.33224212719453,4.338688357990286,4.399551075670187
4.332301266926603,4.338719370288811,4.3998575925742145
4.331898107045776,4.33840924730356,4.399847495546787
4.332197411787355,4.338754709884805,4.3998323500056475
4.332281072871749,4.33875398866856,4.399722725136442
4.332096441513087,4.33866023055674,4.399868410817886
4.3323582430099385,4.338688357990286,4.399595791077362
4.332007731914981,4.338634987988173,4.399924665684978
4.331981768130169,4.338515266091541,4.399858313790459
4.330343164822051,4.337261071041887,4.40068843368819
4.329387553297732,4.33495750635609,4.401167321274716
4.334346636196771,4.337429835643162,4.398624312795658
4.348318037290457,4.3505321711619,4.391629957653877
4.352141925820226,4.35236766650484,4.394635265745834
4.341374888502055,4.345650258401052,4.399960005280971
4.33556837651541,4.341003462135998,4.4006292939561185
4.333424921835953,4.339198979091583,4.399893653386453
4.3330095012789664,4.338960977730809,4.399893653386453
4.332506813556361,4.338542672308843,4.399853986492991
4.332225539220901,4.338373907707566,4.399776095138555
4.3320452351597085,4.338160427699114,4.3999765932546016
4.332087065701906,4.3381395124280155,4.399679452161756
4.332174332867523,4.338207306755025,4.399643391349517
4.332193805706131,4.338122203238142,4.39968305824298
4.3320928354318635,4.338077487830966,4.399798452842143
4.332186593543684,4.338135906346792,4.399556845400145
4.332096441513087,4.338007529855223,4.399515736074194
4.33196229529156,4.337761595115756,4.39958930013116
4.332364012739897,4.337906559580955,4.400101363664947
4.33245055868927,4.33806450593856,4.400045830014099
4.332366176388631,4.338018348098895,4.3999520719022795
4.332706590456163,4.338028445126321,4.399926829333712
4.33276500897199,4.338004644990244,4.399918174738775
4.332995798170316,4.338018348098895,4.399841725816829
4.333004452765254,4.337972911475474,4.3998114347345485
4.332998683035296,4.337903674715976,4.399820810545731
4.333229472233621,4.338381119870014,4.399315237958147
4.333282842235735,4.338521757037745,4.399207055521432
4.3332482238559855,4.33872369758628,4.398741149827311
4.332814051676634,4.338691242855265,4.39905848497501
4.33249743774518,4.33858161798606,4.399221479846327
4.332271697060566,4.3386703275841665,4.398697876852624
4.331933446641769,4.338456847575714,4.399042618217624
4.331785597311591,4.3383796774375245,4.399610936618503
4.331818052042606,4.33840780487107,4.3995691060763065
4.3319233496143426,4.338411410952294,4.399157291600543
4.332023598672366,4.338484253793016,4.399271243767216
4.331818052042606,4.338376792572546,4.3995193421554175
4.332088508134396,4.338686915557797,4.399168109844214
4.331908925289447,4.3384770416305685,4.399051272812561
4.331750257715599,4.338340731760307,4.399297207552028
4.332058217052115,4.338567193661165,4.399479675261955
4.3320228774561205,4.338542672308843,4.3991630613305
4.331863488666027,4.338559981498717,4.399288552957091
4.331904597991979,4.338623448528256,4.399623918510909
4.331868537179741,4.338588108932263,4.3991825341691095
4.331862767449782,4.338556375417493,4.399406832421233
4.331884403937125,4.338545557173822,4.3993779837714415
4.3319009919107545,4.3386212848795225,4.399407553637477
4.331825985421299,4.338348665138999,4.3993765413389525
4.331935610290504,4.338496514469178,4.399282783227132
4.3319716711027425,4.338730188532483,4.399305862146965
4.33188512515337,4.338559981498717,4.399706858379057
4.331797136771508,4.338497956901667,4.399613821483482
4.3318288702862775,4.338543393525087,4.399129164166997
4.331662990549981,4.338436653520861,4.399192631196536
4.331844737043664,4.338448192980778,4.399004393756652
4.3318786342071665,4.3384532414944905,4.39924311633367
4.332083459620682,4.33858161798606,4.399570548508796
4.332054610970891,4.338673933665391,4.399653488376944
4.331764682040493,4.338612630284585,4.399815762032017
4.331695445280996,4.338610466635851,4.399835234870626
4.331750978931843,4.338583060418549,4.39991745352253
4.331676693658632,4.338526805551457,4.399947744604811
4.331807233798935,4.338610466635851,4.399765998111128
4.331792809474039,4.338629218258215,4.399674403648043
4.331422825540472,4.338365974328874,4.400330710430783
4.329833264936999,4.337093027656855,4.401400995338022
4.3289360719285055,4.335090931361373,4.402233278884487
4.334307690519553,4.337904395932221,4.397396081530814
4.348923858936063,4.349895337217768,4.392289149301597
4.350078526143939,4.350676414410854,4.395529573889349
4.339793982493519,4.344866296342986,4.4003638863780425
4.334386303090232,4.34033705832583,4.401458692637603
4.332945313033182,4.3391759001717505,4.400393456244078
4.3320437927272195,4.338615515149565,4.400542026790501
4.3316088993316235,4.338405641222336,4.400782191800009
4.331380273782031,4.338194324862618,4.40062208179367
4.33122593350565,4.337962093231802,4.40057664517025
4.331237472965566,4.338087584858393,4.400519669086913
4.331098278230326,4.338011135936447,4.400455480841129
4.3310788053917175,4.338011857152691,4.400948071536306
4.331096835797836,4.337890692823571,4.401084381406568
4.331138666340033,4.337937571879481,4.400825464774695
4.330996586739813,4.337911608094669,4.40107572681163
4.331106932825263,4.337856074443821,4.4011334241112126
4.3310333687682965,4.337729861600987,4.401155060598556
4.3311545330974175,4.3378272257940305,4.401345461687175
4.331305267292575,4.337870498768717,4.401440662231485
4.331427152837941,4.337752940520819,4.401365655742029
4.331327624996163,4.3377075038973985,4.401909452790585
4.3315634627082025,4.337769528494449,4.401884210222018
4.331704099875933,4.337817849982848,4.401868343464633
4.331688233118548,4.337932523365767,4.401677942376014
4.331719245417073,4.337949111339396,4.40145364412389
4.331787039744081,4.338099845534554,4.401247376277887
4.331732948525723,4.3383089982455365,4.40096826559116
4.331364407024646,4.338285919325704,4.401130539246234
4.330941774305211,4.338174130807765,4.4011831880321015
4.330661942402241,4.3380450330999505,4.401362049660805
4.330325855632177,4.338014020801427,4.401367098174518
4.330044581296717,4.337738516195924,4.401428401555323
4.330216951979216,4.338007529855223,4.401390898310596
4.330083526973934,4.337871941201206,4.4012077093844235
4.330031599404311,4.3377752982244075,4.401870507113367
4.3298606711543,4.337840207686437,4.401913780088054
4.329769797907459,4.337773855791918,4.40186185251843
4.329817398179614,4.337792607414281,4.401662075618629
4.329635651685932,4.33771976457356,4.401742130621798
4.329699839931717,4.337763037548246,4.401947677251559
4.329598148441204,4.337713273627357,4.402076053743127
4.329486359923265,4.337696685653727,4.402052974823294
4.329508717626853,4.337830831875254,4.401852476707249
4.329269995049834,4.337620236731782,4.401875555627081
4.329229606940126,4.337660624841488,4.402370309970993
4.3290954607186,4.337615188218068,4.40247560754273
4.329220952345189,4.337725534303519,4.402272945777949
4.3290586786901155,4.337651970246552,4.402354443213608
4.328956265983359,4.337610860920599,4.402247703209382
4.328948332604666,4.337670000652671,4.402417910243148
4.328729082866256,4.337548115107305,4.402638602414047
4.328665615836716,4.33757768497334,4.402616965926704
4.328656240025535,4.337496908753926,4.402571529303284
4.328565366778693,4.337517824025024,4.402688366334937
4.3284802632618105,4.337514939160045,4.402591723358137
4.3283850627175005,4.337401708209616,4.402787894176715
4.328260292307156,4.337375023208559,4.402709281606035
4.328180237303986,4.337295689421635,4.402901846343389
4.328175188790272,4.33718462211994,4.402572971735774
4.328054745677396,4.3372495315819695,4.402696299713629
4.32785424756135,4.3372928045566566,4.403117490000575
4.327862180940042,4.337327422936405,4.403314382035397
4.327716495258599,4.3371976040123466,4.403365588388776
4.327640046336653,4.337286313610453,4.403362703523796
4.327710004312396,4.337430556859407,4.403403091633503
4.327578742955848,4.337307950097796,4.403364867172531
4.327365262947396,4.33717091901129,4.40374422691728
4.325773538695189,4.335817196119857,4.404660171548138
4.324976594744718,4.334337260385588,4.405731177671622
4.3296572881732756,4.336349453708497,4.402092641716757
4.34181122433014,4.346336856266072,4.395223056985322
4.344988903104597,4.349297448950853,4.397918963308272
4.335607322192629,4.342854824236323,4.404129356391987
4.329780616151131,4.3388838075926195,4.404787105607218
4.328432662989656,4.337569030378403,4.403910106653577
4.3275167183587975,4.337082209413183,4.4042894663983265
4.327003212392521,4.336767759130463,4.404469049243274
4.326563991699456,4.336599715745432,4.4044358732960145
4.326578416024352,4.336465569523905,4.404335624237992
4.32652216115726,4.336421575332974,4.404698396009111
4.326388736151977,4.336448981550275,4.404250520721109
4.326294978040157,4.33629247762516,4.404469049243274
4.326278390066527,4.336270119921572,4.404929185207437
4.32617597735977,4.336111452347722,4.405041694941621
4.326157225737406,4.336205210459543,4.406812280822532
4.323768557534728,4.335043331089219,4.406693280142145
4.32406065011386,4.335165937850829,4.406525957973359
4.324057044032636,4.335134925552304,4.406225210799289
4.3241897478216735,4.335194065284375,4.406372338913222
4.324323894043201,4.335464521376164,4.405936003085136
4.324181814442981,4.335523661108235,4.405707377535545
4.323723120911307,4.335399611914134,4.4062403563404295
4.323655326584299,4.335652037599804,4.4057347837528456
4.323166341970345,4.335443606105065,4.406342047830941
4.322834582497751,4.335309459883538,4.406104046470167
4.322869200877499,4.335408987725317,4.406031924845691
4.322869922093744,4.3354385575913525,4.405962688086193
4.322909588987207,4.335435672726374,4.406246126070387
4.3226261510030115,4.3351500710934445,4.405998748898432
4.32285261290387,4.335411151374051,4.406181216608358
4.322954304394383,4.335476782052325,4.4059057120028555
4.32293122547455,4.335271235422565,4.406259107962794
4.322868479661255,4.335364272318141,4.406223047150554
4.323045898857469,4.335464521376164,4.406068706874174
4.322813667226652,4.335435672726374,4.406097555523965
4.3228187157403655,4.33542773934768,4.4059042695703665
4.3230083956127405,4.335660692194741,4.406020385385775
4.322949977096914,4.335376532994302,4.405927348490199
4.322766788170742,4.335504188269626,4.406142992147386
4.322525901944989,4.335348405560756,4.406181937824603
4.322450174239288,4.3355373642168855,4.405912202949059
4.3227725579007,4.335504909485871,4.406052840116789
4.322686733167573,4.335450818267514,4.406241798772919
4.322635526814194,4.3353664359668755,4.406125682957511
4.322683127086349,4.3355106792158296,4.406017500520795
4.322369398019874,4.335252483800201,4.405664104560858
4.322511477620093,4.335274841503789,4.405309987384676
4.322429980184435,4.335108240551247,4.40592590605771
4.322688896816307,4.335405381644093,4.405801135647364
4.322715581817364,4.335572703812879,4.406032646061935
4.322502823025156,4.335347684344511,4.406156695256036
4.322548259648577,4.33538230272426,4.406115585930085
4.322479022889079,4.335507073134605,4.406258386746549
4.322880019121171,4.335626073814992,4.405868929974372
4.3225547505947794,4.335618140436299,4.4062201622855754
4.322711975736139,4.335521497459501,4.405933839436402
4.3224819077540575,4.335340472182063,4.406455278781371
4.320820946742352,4.334045889022701,4.40705244583204
4.3204350960514,4.3324072857145834,4.407528448553589
4.326057697895628,4.334879615001656,4.403773075567071
4.339533623429157,4.345737525566669,4.397718465192226
4.342173996101259,4.348476704864305,4.400997114240951
4.333161677906613,4.343449827638258,4.406241798772919
4.32594302451271,4.33784237133517,4.407409447873202
4.3243368759356065,4.336350174924741,4.406537497433274
4.323527671308974,4.335734977467953,4.406274253503934
4.323218990756213,4.335347684344511,4.406246126070387
4.322877855472437,4.335186853121928,4.406298774856256
4.3228893949323535,4.33511473149745,4.405817723620994
4.322882182769906,4.335186131905683,4.406059331062992
4.3227920307393095,4.335091652577618,4.406245404854143
4.322737939520952,4.335076507036478,4.405994421600963
4.323215384674989,4.33520993204176,4.406246126070387
4.323054553452405,4.335093816226352,4.406153810391057
4.323066814128567,4.3349618336535585,4.406138664849917
4.32335169454525,4.3351046344700235,4.405993700384718
4.323255772784696,4.33503756135926,4.405969900248641
4.323133166023085,4.334775759862408,4.40637955107567
4.323668308476705,4.335230126096613,4.406499994188547
4.323469974009393,4.334858699730558,4.406680298249738
4.324138541468295,4.335257532313915,4.406349981209635
4.32399718308432,4.335159446904626,4.406211507690639
4.324005837679257,4.334954621491112,4.406297332423766
4.324272687689822,4.33512987703859,4.406269926206465
4.324535210402918,4.335530873270683,4.4057102624005235
4.3239733829482425,4.335266908125097,4.4058083478098125
4.324064977411328,4.335456587997472,4.405775171862553
4.323915685648661,4.335380860291771,4.405933118220157
4.323206730080052,4.335289265828685,4.405843687405806
4.3230343593975515,4.335085161631414,4.405991536735984
4.322840352227709,4.335266908125097,4.405827820648421
4.322609563029382,4.334915675813894,4.406000191330921
4.322822321821589,4.335064246360316,4.405696559291872
4.322773279116945,4.335212816906739,4.405841523757072
4.322690339248797,4.335027464331833,4.406132895119958
4.32263192073297,4.335027464331833,4.405910760516569
4.322693224113776,4.335217144204208,4.405846572270786
4.3225749446496335,4.335062803927827,4.405779499160022
4.322408343697091,4.3348161479721155,4.406140107282407
4.322764624522008,4.335085161631414,4.405765074835125
4.322667260328964,4.335230126096613,4.4058299842971556
4.322591532623263,4.335060640279092,4.406190592419541
4.322666539112719,4.335085161631414,4.406225210799289
4.322323961396453,4.335012318790692,4.406291562693808
4.322450895455533,4.335051264467911,4.4062172774205965
4.322425652886966,4.335094537442597,4.405993700384718
4.3226001872182005,4.335170265148298,4.4062172774205965
4.322717024249853,4.335169543932053,4.405958360788724
4.322537441404905,4.335285659747461,4.406128567822489
4.322499216943933,4.335165216634584,4.405868208758128
4.322228039635899,4.334949572977398,4.406058609846747
4.322344155451307,4.334991403519594,4.405903548354122
4.3223355008563695,4.3348154267558705,4.405909318084079
4.322349203965021,4.33489548175904,4.406413448239174
4.322166015038849,4.33503756135926,4.406857717445953
4.322218663824716,4.335107519335002,4.406798577713881
4.322127069361631,4.335001500547022,4.406863487175911
4.322220106257206,4.334979142843434,4.406373060129467
4.3222864581517255,4.3351010283888,4.40637955107567
4.32172318826456,4.334543528231593,4.40683319609363
4.320076651577749,4.333196296286362,4.407330835302521
4.319475878445856,4.331001635253527,4.408093882089488
4.327337856730094,4.336784347104093,4.402952331480523
4.342896654778519,4.348544499191314,4.398978429971839
4.340398361706636,4.347559317800958,4.402956658777992
4.331019665659646,4.3417268420295025,4.406752419874216
4.325005443394509,4.336797328996499,4.407431084360544
4.323482234685554,4.335461636511185,4.406826705147427
4.32269538776251,4.334857257298068,4.406915414745534
4.3220715357107835,4.334461309579689,4.406657219329906
4.322249676123242,4.33456877080016,4.406766122982867
4.322085238819434,4.334286775248454,4.406806511092574
4.321990759491369,4.33436033930542,4.406659382978641
4.322018165708671,4.33425432051744,4.406593752300367
4.321994365572594,4.334190132271655,4.4068209354174686
4.321941716786726,4.334067525510044,4.406986093937522
4.321932340975543,4.334035070779029,4.406856996229708
4.321890510433346,4.333785529958339,4.407165676782469
4.322034032466055,4.333869912258978,4.406888008528233
4.32200446260002,4.333551134678789,4.406899547988149
4.32206792962956,4.333645614006854,4.406788480686455
4.322070093278294,4.333395351969918,4.4070632640757115
4.322155918011422,4.333352800211477,4.406999075829927
4.322458828834225,4.333432133998402,4.406795692848902
4.3223355008563695,4.333281399803244,4.406828868796161
4.322475416807855,4.333157350609144,4.406810117173798
4.322486235051526,4.333300872641853,4.406564903650576
4.322526623161234,4.333486946433005,4.406440133240231
4.322777606414414,4.3338994821250125,4.40597278511362
4.322749478980867,4.334026416184092,4.4065569702718825
4.322424210454477,4.3340942105111,4.406420660401622
4.322274197475564,4.3339716037494895,4.406567788515556
4.322028262736097,4.3339932402368335,4.40689522069068
4.321665490964978,4.333622535087021,4.407040185155879
4.3215652419069555,4.333772548065934,4.406863487175911
4.321656115153797,4.333702590090191,4.4069377724491225
4.321656836370041,4.333843227257921,4.4068194929849795
4.321752758130596,4.333743699416143,4.407162070701245
4.3215645206907105,4.333724947793779,4.407066870156936
4.321563799474466,4.3337069173876595,4.407076967184363
4.321560914609487,4.333691050630275,4.407150531241329
4.321472205011379,4.333448000755787,4.407172167728672
4.321569569204424,4.333539595218872,4.407101488536685
4.32133156784365,4.333569165084907,4.40709932488795
4.3215190840672895,4.333634795763182,4.407233471109477
4.321600581502949,4.3336578746830146,4.4073495869248855
4.321416671360533,4.3336109956271045,4.4074447874691955
4.321367628655889,4.333497043460431,4.4074707512540074
4.321206076217059,4.333478291838067,4.407340211113704
4.32131642230251,4.333331884940379,4.407418102468139
4.32106255418435,4.333247502639741,4.407377714358431
4.321278919057781,4.333334769805358,4.407327950437542
4.32133012541116,4.3334905525142275,4.407203180027197
4.321115924186463,4.333385254942492,4.406799298930126
4.320951486882656,4.3332323570986,4.406794250416413
4.32128324635525,4.333375157915064,4.407161349485001
4.321244300678033,4.333356406292701,4.4074303631443
4.321206797433304,4.3333693881851065,4.407345259627417
4.321272428111579,4.333281399803244,4.407112306780356
4.321133954592582,4.333460261431948,4.406956524071486
4.320970959721264,4.333352078995232,4.407945311543066
4.3213748408183354,4.3334530492695,4.408090276008265
4.321423162306735,4.333403285348611,4.408011663437585
4.321312095005041,4.333438624944605,4.407827753295169
4.320856286338346,4.333020319522638,4.407949638840534
4.31880370490573,4.331453837838998,4.409063917938704
4.318859238556578,4.32995587169861,4.408754516169697
4.327637882687919,4.3354414424563315,4.4034009279847695
4.3447415259326405,4.349502995580613,4.3985312759000825
4.344100364691041,4.348778894470864,4.402981901346559
4.329670991281926,4.339059784356342,4.4085807030547075
4.324199844849101,4.3351522347421785,4.40824533750089
4.32257133856841,4.333737208469939,4.407936656948129
4.321987874626391,4.333207835746278,4.4079503600567795
4.321302719193858,4.332829918434019,4.408036184789907
4.3211786699997585,4.332747699782115,4.407854438296225
4.321077699725491,4.332660432616498,4.407914299244541
4.3210344267508045,4.332440461661843,4.408204949391183
4.320857728770836,4.332252224221958,4.4077852015367265
4.32095653539637,4.332351752063737,4.408099651819446
4.321066160265574,4.332315691251497,4.408390301966089
4.321071929995533,4.332252945438203,4.408353519937606
4.32109428769912,4.332126732595367,4.4081450884428675
4.32092191701662,4.331979604481435,4.40819845844498
4.320904607826746,4.3318764705584325,4.408276349799415
4.320731515928,4.331477637975075,4.408336931963976
4.32106399661684,4.331820215691341,4.408246058717135
4.321117366618953,4.331543989869594,4.408391744398578
4.321126742430135,4.331531729193433,4.408371550343725
4.321216173244487,4.331496389597439,4.408127779252992
4.3212212217582,4.331355752429708,4.408308083314185
4.3218061281327085,4.332059659484605,4.407721734507188
4.321838582863723,4.332344539901288,4.407560903284604
4.321765018806756,4.332565953288434,4.407654661396424
4.321433980550407,4.332508977205096,4.407931608434415
4.321358974060951,4.332529892476194,4.4078342442413705
4.320927686746579,4.3324318070669054,4.407914299244541
4.320919753367886,4.33238709165973,4.407861650458673
4.320858449987081,4.332364733956142,4.407992190598976
4.320825274039821,4.332442625310578,4.407907808298337
4.32101711756093,4.332397188687157,4.407916462893275
4.321074093644267,4.3325017650426485,4.407798904645378
4.320899559313032,4.332305594224071,4.40799723911269
4.321225549055669,4.332661153832743,4.40766475842385
4.321184439729716,4.332674856941392,4.407671970586298
4.320913983637928,4.332304151791581,4.407857323161204
4.320646412411119,4.332156302461403,4.408080900197083
4.320572848354152,4.332172169218788,4.407961178300451
4.3208173406611285,4.332281794087994,4.407730389102124
4.320682473223356,4.332283957736728,4.4078342442413705
4.320681752007111,4.3322377998970625,4.408050609114802
4.3207682979564845,4.3322111148960065,4.408061427358474
4.320665885249727,4.332226260437146,4.407856601944959
4.320670933763441,4.332229145302126,4.40800949978885
4.320598812138964,4.332168563137564,4.407511860579959
4.320333404560888,4.332001240968778,4.407627255179123
4.320230991854131,4.331944986101686,4.407382762872145
4.320717091603106,4.332317133683987,4.407504648417511
4.320944274720208,4.332461376932941,4.407700098019844
4.320860613635815,4.33233877017133,4.407936656948129
4.320487023621024,4.3321404357040185,4.408033299924927
4.320660115519769,4.3322370786808175,4.408052772763536
4.320531739028199,4.332159187326383,4.4081220095230345
4.320466108349926,4.332078411106968,4.408186197768819
4.320712764305637,4.332227702869636,4.408282840745618
4.320678867142132,4.332257272735672,4.4080982093869565
4.320165361175857,4.331896664613286,4.4084826176454195
4.318415690566044,4.330290516036183,4.409459144440838
4.318589503681034,4.328787501382083,4.409640169718275
4.327733804448473,4.33638479330449,4.403214132977374
4.343570270751135,4.347930744167015,4.400373983405469
4.34024185778152,4.344987460672108,4.405339557250712
4.326932533200534,4.336630006827713,4.409331489165513
4.3229362739882635,4.333500649541655,4.408547527107449
4.321779443131652,4.332508255988851,4.40833909561271
4.32095653539637,4.33204235029473,4.408354241153851
4.320659394303524,4.331820215691341,4.408287168043087
4.3205764544353755,4.331600965952931,4.408453768995629
4.320305998343587,4.3315865416280355,4.408270580069457
4.32034278037207,4.331452395406508,4.408360010883809
4.320318259019747,4.331450952974018,4.408406889939719
4.320344222804559,4.3312980551301274,4.408452326563139
4.320415623212792,4.331329788644897,4.408463866023055
4.320518757135794,4.331341328104814,4.408548248323694
4.320570684705417,4.331214394045734,4.408540314945001
4.320527411730731,4.3311639089086,4.408582145487198
4.320585109030313,4.3311040479602845,4.408736485763579
4.3207041097107,4.331077362959228,4.408784086035734
4.320754594847834,4.330949707683903,4.408880007796287
4.320903165394257,4.331043465795723,4.408908135229834
4.321224106623179,4.331062938634331,4.409006941855368
4.321361137709685,4.331098278230326,4.40893770509587
4.321386380278252,4.3310578901206185,4.40876389198088
4.321471483795135,4.3310824114729405,4.408621091164415
4.3215890420430325,4.331331952293631,4.408305198449206
4.321594090556746,4.331409122431822,4.408138597496664
4.321488071768765,4.331601687169176,4.408013105870074
4.321215452028242,4.331507207841111,4.408141482361644
4.320972402153754,4.331499274462418,4.408092439656999
4.320659394303524,4.331448789325284,4.408140761145399
4.3205540967317875,4.331361522159667,4.408209997904897
4.32051370862208,4.331362243375912,4.408209276688652
4.320624775923775,4.3313449341860375,4.408201343309959
4.32059520605774,4.331329788644897,4.4081465308753565
4.320587272679046,4.3313211340499596,4.408186197768819
4.32064208511365,4.331374504052073,4.40813787628042
4.320471878079884,4.331286515670211,4.4080224816812565
4.320662279168503,4.331409843648066,4.408063591007208
4.320717812819351,4.331435807432879,4.4080715243859006
4.320704830926945,4.331458886352711,4.40802608776248
4.320736564441714,4.331455280271487,4.407896268838422
4.320692570250783,4.331448068109039,4.407963341949185
4.320653624573565,4.3314927835162145,4.408011663437585
4.320709158224413,4.331480522840054,4.407837850322595
4.32068607930458,4.3315367777071465,4.408013105870074
4.320663000384748,4.331481965272544,4.4079539661380025
4.3206557882223,4.331401189053129,4.4079539661380025
4.320678145925888,4.331477637975075,4.407920068974499
4.320731515928,4.331567790005671,4.407863814107406
4.3206983399807415,4.3315136987873135,4.407967669246654
4.320774067686442,4.33147547432634,4.4077751045093
4.320629103221243,4.33141633459427,4.407451278415398
4.320521642000773,4.331317527968737,4.407563066933338
4.320670212547196,4.331288679318946,4.407392138683327
4.320936341341516,4.331518747301027,4.407741207345796
4.320994038641097,4.3315158624360475,4.408003008842647
4.320819504309863,4.331553365680776,4.407894826405932
4.320868547014507,4.3315858204117905,4.407910693163317
4.320859171203325,4.331584377979301,4.408052051547291
4.321003414452279,4.331669481496183,4.407878959648547
4.32092191701662,4.331631257035212,4.407979929922814
4.319416738713785,4.330396534824164,4.408678067247752
4.318710668010155,4.328866113952762,4.409496647685566
4.322642017760397,4.329980393050932,4.408066475872187
4.336375417493308,4.340818830777336,4.401300025063755
4.341461434451427,4.345327153523394,4.403027337969979
4.331504322976131,4.3395098232930795,4.408575654540995
4.324473907022113,4.333931936856027,4.408901644283631
4.322828812767792,4.332517631800034,4.408090997224509
4.321810455430176,4.331838246097459,4.408106863981894
4.32137556203458,4.331414170945535,4.408126336820503
4.321217615676976,4.3312973339138825,4.408037627222396
4.321105827159037,4.3312266547218945,4.407959014651716
4.321120251483932,4.3312230486406715,4.408007336140116
4.321144051620009,4.331237472965566,4.407821262348966
4.3210834694554485,4.330990817009855,4.4080946033057335
4.321099336212834,4.330993701874834,4.408174658308903
4.321320749599978,4.331110538906487,4.4080484454660676
4.321181554864737,4.330903549844238,4.408140761145399
4.321245743110523,4.330974950252471,4.408251828447093
4.321369792304623,4.3309100407904415,4.408228749527261
4.321567405555689,4.33103697484952,4.408247501149624
4.321435422982897,4.330785270380096,4.408422756697104
4.321581829880585,4.330778779433892,4.408486944942888
4.321778000699163,4.33083287065225,4.4084104960209425
4.321865989081024,4.330870373896978,4.40837227155997
4.3219979716538175,4.330848737409635,4.408375156424949
4.322091008549393,4.330907155925462,4.40819701601249
4.3222388578795705,4.33103697484952,4.407987863301507
4.3222157789597375,4.3312994975626165,4.407666200856339
4.322235251798347,4.3314646560826695,4.407520515174896
4.322164572606359,4.331616832710315,4.407441181387972
4.321936668273012,4.331573559735629,4.4074202661168735
4.3216618848837545,4.331583656763056,4.407441902604216
4.32145561703775,4.331421383107982,4.40761787936794
4.321591926908011,4.3316110629803575,4.407443345036706
4.321382774197028,4.331404073918108,4.4074700300377625
4.321417392576778,4.331465377298914,4.407512581796204
4.321524132581003,4.331606735682889,4.4074678663890285
4.321692175966034,4.331628372170232,4.4073733870609635
4.321615727044089,4.331609620547868,4.407308477598934
4.321620054341558,4.33169760892973,4.407311362463912
4.321609236097886,4.331692560416016,4.407362568817292
4.321794588672792,4.331817330826361,4.407299101787752
4.3215912056917665,4.331698330145974,4.407331556518766
4.3215883208267885,4.331673808793652,4.4073027078689755
4.321607072449152,4.331766845689228,4.40730487151771
4.321854449621108,4.331915416235651,4.4073272292212975
4.321601302719193,4.331772615419186,4.407332998951256
4.321726794345784,4.331931282993035,4.4072096709734
4.321521247716024,4.331710590822135,4.407343095978683
4.321677030424895,4.3318988282620206,4.407136106916434
4.32159913907046,4.331793530690284,4.407263762191758
4.321515477986066,4.331787760960326,4.40720822854091
4.321537835689654,4.331813724745137,4.407190198134792
4.3217123700208875,4.331903155559489,4.4069413785303455
4.321577502583116,4.3318036277177105,4.406925511772961
4.321573175285647,4.331834640016236,4.4066283706801155
4.321484465687541,4.331655778387534,4.406850505283504
4.321755642995575,4.331991865157596,4.406953639206507
4.321776558266673,4.332112308270473,4.40708417934681
4.321548653933325,4.331857718936068,4.407283956246612
4.321670539478691,4.332078411106968,4.407130337186476
4.321764297590512,4.332154860028914,4.407263040975513
4.321632315017719,4.331955804345358,4.407314247328892
4.321816225160135,4.332074083809499,4.407283956246612
4.321692175966034,4.332215442193474,4.407314968545137
4.320784885930114,4.331385322295744,4.407689279776172
4.31988913535411,4.330215509546727,4.408205670607428
4.321171457837311,4.329285140590974,4.408948523339541
4.3310809690404515,4.337112500495464,4.402352279564874
4.342444452193049,4.345260801628876,4.401626736022635
4.336726649804511,4.342263426915611,4.405430430497553
4.327525372953735,4.336482878713779,4.407935935731884
4.324075795655,4.333482619135536,4.407916462893275
4.322953583178137,4.33260489896565,4.407372665844718
4.322072978143273,4.332081295971947,4.407459933010335
4.321985710977656,4.331758912310535,4.4074714724702515
4.321821273673849,4.331776942716655,4.407328671653787
4.321791703807813,4.331589426493014,4.407442623820461
4.321810455430176,4.331643517711372,4.407305592733955
4.321845795026171,4.331506486624866,4.4073741082772075
4.321883298270899,4.331528844328453,4.407384205304635
4.321943159219215,4.331497832029928,4.407388532602104
4.322008789897488,4.331474753110095,4.407384205304635
4.322058553818378,4.331409843648066,4.407451999631643
4.322173227201296,4.331450231757773,4.407481569497679
4.3222150577434935,4.3313918132419476,4.407585424636926
4.32236290707367,4.3313672918896255,4.407549363824687
4.322446568158064,4.331264879182868,4.407708752614782
4.322532392891191,4.33130310364384,4.407821262348966
4.32286775844501,4.331351425132239,4.407646728017731
4.32297810453046,4.331419940675493,4.407597685313087
4.323128117509372,4.331421383107982,4.407443345036706
4.3231786026465056,4.331626929737743,4.4072298650282535
4.323355300626475,4.331766845689228,4.407043791237103
4.323258657649675,4.331905319208223,4.406673086087292
4.322515083701317,4.332027204753589,4.406612503922731
4.32253960505364,4.3319731135352315,4.406482684998672
4.322329009910167,4.33193200420928,4.406587982570409
4.322246791258263,4.331861325017293,4.406613225138976
4.322420604373253,4.331906761640713,4.406594473516611
4.3223593009924475,4.33182454298881,4.4065548066231495
4.322291506665439,4.331771172986697,4.4066507283837035
4.32236579193865,4.331833918799991,4.4066283706801155
4.322440798428106,4.331795694339019,4.406582934056695
4.3223607434249365,4.331864209882272,4.406590146219142
4.322535998972415,4.3319976348875535,4.406518745810911
4.322620381273054,4.332012059212449,4.406546873244457
4.322593696271998,4.332115193135452,4.406462490943818
4.322470368294142,4.331856276503579,4.406473309187491
4.322519410998786,4.332088508134396,4.4064841274311615
4.322487677484016,4.332103653675535,4.406471866755001
4.322413392210804,4.331960852859071,4.406471145538756
4.322419883157008,4.331978162048945,4.406564903650576
4.32244151964435,4.331952198264133,4.406600964462815
4.322443683293085,4.331961574075315,4.406324738641068
4.322254003420711,4.331800742852732,4.40619203485203
4.32225833071818,4.331759633526779,4.406093949442741
4.322278524773033,4.331863488666027,4.406044185521852
4.322532392891191,4.331921185965609,4.406295889991277
4.322567011270941,4.332101490026801,4.406321132559843
4.32238093747979,4.331960131642827,4.4066276494638705
4.322396804237175,4.3319940288063306,4.406550479325681
4.322779770063148,4.332383485578506,4.40633267201976
4.322339106937593,4.332019992591142,4.406683904330963
4.322622544921788,4.332182987462461,4.406589425002898
4.322421325589497,4.332135387190305,4.406606734192772
4.321858776918577,4.331428595270431,4.406996190964949
4.320442308213848,4.330098672515075,4.40768423126246
4.320731515928,4.329004587471759,4.408191246282533
4.3312021333695725,4.3355388066493745,4.402420073891882
4.344046273472682,4.346308728832526,4.400840610315836
4.339073487464994,4.344036897661501,4.404135126121946
4.328488917856748,4.3365009091198985,4.40736689611476
4.3250083282594876,4.333666529277952,4.407276744084164
4.323751248344853,4.332576771532104,4.406731504603118
4.323105038589539,4.332113029486718,4.406782710956497
4.322728563709769,4.331872143260964,4.406860602310931
4.322656442085292,4.331926955695566,4.406694722574635
4.322605235731913,4.331675251226142,4.4067747775778034
4.322611005461871,4.331741603120661,4.406727898521894
4.322675193707656,4.331593032574238,4.4067004923045925
4.322718466682343,4.331737275823192,4.406784153388986
4.322741545602175,4.33165072987382,4.406774056361559
4.32266221181525,4.331503601759887,4.406923348124226
4.322799242901757,4.331372340403338,4.406968784747646
4.322903098041004,4.331552644464531,4.406953639206507
4.322957189259362,4.331507207841111,4.406981045423809
4.323025704802615,4.331327624996163,4.407004124343641
4.323246396973514,4.331472589461361,4.407258713678044
4.323345924815293,4.331391092025703,4.407220489217072
4.32344689508956,4.331453837838998,4.407320738275095
4.323578156446109,4.331360800943422,4.407279628949143
4.323614938474591,4.331457443920222,4.407011336506089
4.323750527128609,4.331669481496183,4.40683463852612
4.323847170105408,4.331642075278882,4.406691116493411
4.323811830509414,4.332061101917094,4.406450951483902
4.323715187532614,4.332195969354865,4.406298053640011
4.32347718617184,4.3323077578728055,4.406241798772919
4.323319239814237,4.3323330004413725,4.40619203485203
4.323110087103252,4.332177938948747,4.406246847286632
4.322999019801558,4.3321389932715295,4.406298053640011
4.322998298585313,4.332252224221958,4.406162464985994
4.322869922093744,4.332150532731445,4.40620862282566
4.322861988715052,4.332153417596425,4.406198525798232
4.323076189939749,4.33223275138335,4.406202853095701
4.323091335480889,4.3322832365204835,4.406205016744436
4.323189420890177,4.33229044868293,4.406174725662155
4.323193026971401,4.332411613012052,4.406109094983881
4.323099268859581,4.332340933820064,4.4061206344437975
4.323344482382803,4.332420988823234,4.406023270250754
4.323238463594822,4.3324318070669054,4.406091064577762
4.323305536705585,4.332514025718809,4.405990094303494
4.32330337305685,4.3324520011217595,4.405933118220157
4.323289669948201,4.332614274776833,4.405883354299268
4.323344482382803,4.332620044506791,4.405871814839352
4.32335169454525,4.3326236505880145,4.405793202268672
4.323241348459801,4.3324996013939145,4.405551594826673
4.323211057377521,4.332436855580619,4.405452066984895
4.3230343593975515,4.332345261117533,4.405369848332992
4.323335827787866,4.332437576796864,4.405619389153682
4.323563732121213,4.332664038697722,4.40586099659568
4.323355300626475,4.332677741806372,4.405803299296099
4.32325793643343,4.332493831663956,4.405961966869948
4.323193748187646,4.332521237881258,4.406130731471225
4.323247839406004,4.33265177802156,4.40599081551974
4.323393525087447,4.332656826535274,4.4059280697064445
4.323366840086391,4.332589753424511,4.405933839436402
4.32325793643343,4.332534940989907,4.406122076876287
4.321705157858441,4.331190593909656,4.4068670932571345
4.321063275400595,4.329535402627909,4.4073495869248855
4.327100576585566,4.331988259076372,4.404617619789697
4.341469367830119,4.3435349311551406,4.398520457656411
4.343870296708959,4.3460779396342,4.401215642763116
4.324910242850198,4.333134271689312,4.406323296208578
4.32396544956955,4.332625814236749,4.406132895119958
4.323584647392312,4.332322903413946,4.406179052959624
4.323402900898629,4.332129617460347,4.406234586610472
4.323404343331119,4.3320437927272195,4.4061703983646865
4.323273803190815,4.332102211243045,4.406296611207521
4.323334385355377,4.331964458940295,4.406253338232835
4.323289669948201,4.331872864477209,4.40622088350182
4.323475022523106,4.331893058532063,4.406244683637898
4.323501707524162,4.331889452450839,4.406272089855199
4.323361791572677,4.331720687849563,4.406449509051413
4.323454107252008,4.33170986960589,4.406405514860482
4.323462761846945,4.33170049379471,4.406452393916392
4.3237094178026565,4.33174593041813,4.406523794324624
4.323695714694006,4.331583656763056,4.406672364871047
4.3239488615959205,4.331666596631205,4.406622600950158
4.324020262004152,4.3315158624360475,4.4066507283837035
4.324226529850156,4.331556250545756,4.406668037573578
4.324274851338557,4.3315865416280355,4.406608897841507
4.32445227053477,4.331815888393873,4.40634925999339
4.324517179996799,4.331915416235651,4.406187707554562
4.324568386350178,4.332191642057397,4.405953312275011
4.324378706477804,4.332244290843266,4.405835032810868
4.324206335795303,4.332379158281038,4.40581411753977
4.323886115782625,4.332307036656561,4.405731898887867
4.323720957262573,4.332271697060566,4.4057355049690905
4.323609889960879,4.332247175708244,4.405730456455377
4.323487283199267,4.33224212719453,4.405776614295043
4.32347718617184,4.332232030167104,4.405786711322469
4.323410113061077,4.332200296652334,4.405841523757072
4.323519737930282,4.332157744893894,4.405853784433233
4.323595465635982,4.332212557328496,4.405749208077741
4.323679126720376,4.332315691251497,4.405792481052427
4.323611332393368,4.332265206114364,4.405771565781329
4.323648835638096,4.3323582430099385,4.405755699023944
4.323765672669748,4.332428200985682,4.405734062536601
4.323741151317426,4.332408006930828,4.4057845476737345
4.323794521319539,4.332394303822177,4.405755699023944
4.323748363479874,4.332523401529992,4.40565689239841
4.323780096994644,4.3325515289635375,4.4056136194237245
4.3238269760505545,4.332473637609102,4.405763632402636
4.323675520639153,4.332539989503621,4.405693674426894
4.323748363479874,4.332525565178726,4.405719638211705
4.323730333073755,4.332481570987795,4.405533564420555
4.323595465635982,4.332383485578506,4.405324411709572
4.323586089824801,4.332415219093275,4.40512463480977
4.323673356990418,4.332413776660786,4.405181610893107
4.323738987668692,4.332516910583789,4.405527794690596
4.323876018755198,4.332562347207209,4.405632371046089
4.323852218619121,4.332614995993077,4.40549966725705
4.3237570180748115,4.332560183558474,4.4057549778077
4.323818321455617,4.332656105319029,4.405791038619937
4.323767836318483,4.332697935861226,4.405729735239132
4.323772884832197,4.332730390592241,4.405726129157908
4.323972661731998,4.3327693362694575,4.405713868481747
4.323298324543138,4.332226260437146,4.4059287909226885
4.321891231649591,4.331013174713442,4.406549758109436
4.321775837050428,4.3292267220751475,4.407387811385858
4.330421777392732,4.334476455120829,4.401695972782133
4.345237001492798,4.346623179115246,4.399349135121651
4.342554798278498,4.345613476372568,4.40310306567568
4.331291564183925,4.33809335458835,4.406461769727573
4.326512064129833,4.334420200253737,4.4061458770123645
4.325140310832281,4.333217932773706,4.405700165373096
4.32443424012865,4.332756354377052,4.405811953891036
4.324103923088546,4.332569559369657,4.405713868481747
4.323954631325878,4.3324520011217595,4.405634534694823
4.323826254834309,4.332434691931884,4.405698001724363
4.324049831870187,4.332330836792638,4.4056165042887026
4.323857988349079,4.332203902733559,4.405741274699048
4.323727448208776,4.3323582430099385,4.4056165042887026
4.324039734842761,4.332324345846435,4.405581885908954
4.323894770377563,4.332125290162878,4.4056626621283685
4.323961122272082,4.332181545029971,4.405620110369927
4.323993577003096,4.332087065701906,4.405536449285534
4.324002231598033,4.331957967994091,4.405884796731757
4.324199123632855,4.331943543669196,4.405840802540826
4.324202008497834,4.3319976348875535,4.405979276059822
4.324461646345951,4.3319009919107545,4.406104767686412
4.324621035136046,4.331978162048945,4.406109094983881
4.324814321089645,4.332109423405494,4.405841523757072
4.324970103798514,4.332183708678705,4.40567203793955
4.325157620022154,4.33227674557428,4.405418891037637
4.325386245571747,4.332677020590128,4.405215508056611
4.325301863271108,4.33270009950996,4.405088573997531
4.325100643938818,4.332758518025787,4.40493856101862
4.324786193656098,4.332817657757857,4.4049645248034315
4.324608774459885,4.332774384783171,4.405065495077699
4.324355627557971,4.332690002482534,4.405082804267574
4.324172438631798,4.33270154194245,4.405193871569268
4.324000789165543,4.332389255308464,4.4051830533255965
4.324241675391297,4.332741930052157,4.405130404539729
4.3243837549915165,4.33276500897199,4.405162859270743
4.324354185125481,4.332783039378109,4.405136174269686
4.324329663773159,4.332827754785284,4.405145550080869
4.324335433503117,4.3328378518127115,4.405149877378338
4.3244573190484825,4.332813330460389,4.405088573997531
4.324495543509456,4.332925840194573,4.4048440816905545
4.324416930938776,4.332892664247313,4.404859948447939
4.324413324857552,4.332955410060609,4.405115258998588
4.324557568106506,4.333039071145002,4.405117422647322
4.324515016348064,4.332940264519468,4.405131125755973
4.324509246618107,4.3330787380384646,4.404745996281266
4.324434961344895,4.332974882899218,4.404541892083995
4.3242640330948845,4.332921512897104,4.404692626279154
4.323820485104351,4.332423152471969,4.404432267214791
4.324631132163472,4.333061428848589,4.404443085458462
4.324972267447249,4.333241011693538,4.404898172908912
4.324524392159247,4.333062150064834,4.404952985343515
4.324526555807981,4.333102538174542,4.405100113457448
4.32451429513182,4.3331292231755985,4.404878700070303
4.324349857828013,4.333075853173486,4.40509001643002
4.324379427694048,4.333162399122858,4.404921973044989
4.324430634047427,4.333173938582774,4.405016452373054
4.324517179996799,4.333204229665054,4.405024385751747
4.323185814808954,4.332191642057397,4.405395812117804
4.32261821762432,4.331075199310494,4.406029761196956
4.324981643258431,4.331038417282009,4.405716753346726
4.3380450330999505,4.340585156714031,4.398045897367352
4.34723909778828,4.34824158836851,4.398595464145867
4.338422229195966,4.343459924665685,4.404626995600879
4.328696628135242,4.336169870863548,4.4057376686178245
4.326811368871413,4.334304084438329,4.405216229272856
4.325499476522176,4.333538152786383,4.405122471161036
4.32487418203796,4.333189805340159,4.405208295894163
4.324548913511569,4.332885452084866,4.405292678194801
4.324518622429289,4.3329820950616655,4.4052277687327726
4.324414767290042,4.332754911944563,4.405170792649436
4.324522228510512,4.332856603435075,4.40490682750385
4.324631853379717,4.332851554921362,4.405178004811884
4.324459482697217,4.332741208835912,4.40508064061884
4.324593628918745,4.332713081402366,4.405449182119916
4.324512852699331,4.332708754104897,4.405457115498609
4.324720562977824,4.3326705296439245,4.405301332789739
4.324615265406088,4.332530613692438,4.405392927252825
4.32479701189977,4.332569559369657,4.405620831586171
4.32492250352636,4.33273183302473,4.405508321851988
4.325142474481015,4.332557298693496,4.405458557931099
4.3252506569177305,4.332654662886539,4.405407351577719
4.325536979766904,4.332656105319029,4.405465770093546
4.325547798010576,4.332697935861226,4.40537561806295
4.325790126668818,4.332868142894991,4.4050402525091314
4.325699974638222,4.332859488300055,4.405029434265461
4.3255903497690165,4.3330066164139875,4.404743832632532
4.325663192609739,4.3332006235838305,4.404723638577678
4.3254194215190065,4.333399679267387,4.404642141142019
4.325187911104435,4.333357127508946,4.404607522762269
4.3248640850105335,4.333216490341216,4.404757535741182
4.324665750543222,4.333060707632345,4.404823166419456
4.324452991751014,4.332884009652377,4.404921973044989
4.3245034768881485,4.333010222495211,4.404908991152584
4.324501313239414,4.333037628712512,4.404880863719038
4.324664308110732,4.333184756826446,4.404740947767553
4.324747969195125,4.333206393313788,4.405010682643097
4.324793405818546,4.333318903047973,4.404932791288661
4.324871297172981,4.333269139127084,4.404884469800262
4.32473498730272,4.3330809016871985,4.404771238849833
4.324786914872343,4.333217211557461,4.404797923850889
4.3247919633860565,4.333286448316958,4.404758978173672
4.324879951767918,4.33327923615451,4.404708493036538
4.324993182718347,4.333338375886582,4.404706329387803
4.324863363794289,4.333310248453035,4.404776287363545
4.324856872848086,4.333554740760013,4.4047510447949785
4.325042225422991,4.333460982648193,4.404836148311862
4.324932600553787,4.333463146296927,4.404704886955314
4.324855430415596,4.333433576430891,4.404762584254896
4.324990297853368,4.333400400483631,4.404631322898347
4.324840284874456,4.33343934616085,4.404653680601935
4.324909521633954,4.3334162672410175,4.4048916819627095
4.324805666494707,4.3333665033201285,4.404626995600879
4.324756623790063,4.333363618455149,4.404424333836099
4.3246967628417465,4.33318836290767,4.404541170867751
4.324838842441967,4.333301593858098,4.404239702477438
4.325144638129749,4.33361027441086,4.404330575724279
4.325411488140314,4.3337047537389255,4.404624831952145
4.324972988663493,4.333505698055369,4.404732293172615
4.324838121225722,4.333471079675619,4.404694068711643
4.324854709199352,4.333533825488915,4.404737341686329
4.324925388391339,4.333541758867607,4.404896730476422
4.324998952448306,4.3336088319783705,4.404836148311862
4.325027801098097,4.333701147657701,4.404766911552365
4.325101365155063,4.333741535767408,4.404836148311862
4.3237606241560345,4.332614274776833,4.4048722091241
4.322765345738253,4.330995865523569,4.405957639572479
4.325149686643463,4.331439413514102,4.4052551749500735
4.339696618300475,4.342476906924063,4.398527669818858
4.346455135730215,4.348002144575246,4.399659258106903
4.336728813453246,4.342334106107598,4.404833984663128
4.328492523937972,4.336023463965861,4.405836475243358
4.3269361392817585,4.3345478555290615,4.404950100478535
4.325906242484226,4.333957900640839,4.404875093989079
4.325511737198337,4.333585031842293,4.40503231913044
4.325178535293253,4.333307363588057,4.404782778309749
4.325115789479958,4.333217211557461,4.404923415477479
4.324993903934592,4.333090277498381,4.405034482779174
4.325020588935649,4.333210720611257,4.40494937926229
4.32509198934388,4.333018877090149,4.405019337238033
4.325204499078065,4.332929446275798,4.405175841163149
4.325380475841788,4.332994355737827,4.405074149672636
4.325291766243682,4.332943149384447,4.405074149672636
4.3253451362457955,4.332820542622837,4.405321526844592
4.325551404091799,4.332851554921362,4.40529989035725
4.325637950041172,4.332946755465671,4.405409515226455
4.325866575590764,4.332828476001529,4.405569625232793
4.3260714010042784,4.332955410060609,4.405467212526036
4.326204104793317,4.332891221814824,4.405524909825617
4.326450760749028,4.333154465744165,4.405144828864624
4.326716168327103,4.333398236834898,4.4049414458835985
4.326577694808107,4.33342275818722,4.404694068711643
4.326538027914645,4.333716293198841,4.404558480057625
4.32617597735977,4.3335150738665495,4.404440921809728
4.325797338831266,4.333615322924573,4.4044337096472805
4.325478561251078,4.333521564812753,4.404491406946862
4.325307633001067,4.333385254942492,4.404642141142019
4.325150407859707,4.333294381695651,4.404785663174728
4.325175650428275,4.3333463092652735,4.404837590744352
4.325193680834393,4.333357127508946,4.404645026006998
4.32531268151478,4.333397515618653,4.4047481599300005
4.325339366515837,4.333508582920348,4.404526025326611
4.325348742327019,4.333425643052198,4.404575068031255
4.325426633681454,4.3335374315701385,4.404480588703191
4.325495149224707,4.333429970349667,4.4046277168171235
4.325571598146653,4.333507861704103,4.404614734924718
4.325480003683567,4.333613159275839,4.4045310738403245
4.325543470713107,4.3336109956271045,4.404423612619854
4.32540788205909,4.333576377247356,4.404575068031255
4.325455482331245,4.33359512886972,4.404529631407835
4.325386245571747,4.333637680628161,4.404499340325555
4.3255153432795606,4.333653547385547,4.4044834735681695
4.325552125308044,4.333644171574364,4.404518091947918
4.325567992065429,4.333710523468883,4.404390436672594
4.325318451244738,4.333562674138705,4.404552710327667
4.32542302760023,4.333649220088078,4.404547661813954
4.325447548952552,4.3337559600923035,4.404495013028086
4.325354512056977,4.3336607595479935,4.404391879105083
4.325389851652971,4.333701147657701,4.404511601001715
4.325459809628714,4.3338050027969475,4.404513043434204
4.325359560570691,4.33367229900791,4.404469049243274
4.325332875569634,4.333692493062763,4.4044380369447484
4.3253480211107735,4.33375091157859,4.404414236808671
4.325397785031663,4.3337307175237365,4.404407024646224
4.325340808948327,4.333644892790609,4.404422170187364
4.325410045707824,4.333700426441457,4.404459673432092
4.32539273651795,4.333751632794835,4.4044834735681695
4.325495149224707,4.333753075227325,4.40433995153546
4.325420142735251,4.333804281580703,4.404407024646224
4.325437451925125,4.333802117931969,4.40442000653863
4.325487215846014,4.333726390226268,4.404293793695794
4.325293929892417,4.3336737414404,4.404150271663086
4.325261475161401,4.333600898599679,4.40422960545001
4.325389851652971,4.333707638603904,4.4039043369236195
4.325600446796444,4.333773269282178,4.404133683689456
4.325658144096026,4.333759566173527,4.404276484505921
4.325448270168797,4.333789857255808,4.404454624918379
4.325476397602343,4.3336816748190925,4.40442000653863
4.325425912465209,4.333790578472053,4.404471212892008
4.325428076113944,4.333862700096529,4.40440486099749
4.325512458414582,4.333936985369741,4.404472655324498
4.32554707679433,4.333914627666153,4.404414236808671
4.3252751782700525,4.333689608197784,4.404561364922604
4.323674799422907,4.332447673824291,4.405286908464843
4.322809339929183,4.33022488535791,4.4059295121389335
4.328756489083557,4.3332727452083075,4.4020738900943925
4.344411208892536,4.3461854008546705,4.396693616908408
4.345595445966449,4.347265782789337,4.400050157311568
4.334599783098684,4.340541883739345,4.4049162033150315
4.328813465166894,4.335777529226394,4.405336672385732
4.327204431724812,4.334632237829699,4.404621947087166
4.326259638444164,4.333992519020588,4.404643583574509
4.325790126668818,4.333512189001571,4.404696232360377
4.325599725580199,4.333430691565912,4.404567134652563
4.325511737198337,4.333357127508946,4.404569298301297
4.325555010173023,4.333377321563799,4.4046046378972905
4.325569434497918,4.333351357778987,4.404539007219017
4.3254691854398954,4.333181150745221,4.404526025326611
4.325574483011632,4.333330442507889,4.404574346815011
4.325499476522176,4.333261205748391,4.404751766011223
4.325702138286957,4.333300872641853,4.4045555951926465
4.325692762475774,4.333240290477293,4.40459381965362
4.325559337470492,4.333021040738883,4.404822445203211
4.326004327893515,4.333132829256822,4.4048440816905545
4.325921388025367,4.333061428848589,4.404876536421569
4.326056255463138,4.333007337630232,4.40493856101862
4.326148571142469,4.333000846684029,4.404973179398368
4.326436336424132,4.333059265199855,4.404849851420512
4.3264074877743415,4.333101095742053,4.404839754393086
4.326508458048609,4.3331075866882545,4.404947936829801
4.326964987931549,4.333564837787439,4.404373127482719
4.326952727255388,4.333789857255808,4.404158926258023
4.326602216160429,4.333676626305379,4.404231769098745
4.326327432771172,4.333805724013192,4.403845918407793
4.326101692086558,4.333741535767408,4.403959149358221
4.325794453966287,4.33375235401108,4.4040521862537965
4.325718005044341,4.333715571982597,4.404258454099801
4.325430960978923,4.333606668329636,4.404206526530178
4.325552125308044,4.33378120266087,4.4040976228772175
4.325507409900868,4.333665086845462,4.4039526584120186
4.3255636647679605,4.333760287389772,4.403998095035439
4.325738920315439,4.333821590770578,4.404189938556549
4.325725217206789,4.3338028391482135,4.4040745439573845
4.325702138286957,4.333860536447795,4.404125029094518
4.325762720451517,4.333855487934082,4.404039925577636
4.3258052722099585,4.333926888342313,4.4039057793561085
4.325764884100251,4.333957900640839,4.404138010986924
4.325740362747929,4.333911742801174,4.404077428822364
4.325697810989488,4.333951409694636,4.403716820699978
4.325915618295409,4.33401704037291,4.403929579492186
4.325677616934634,4.333807166445682,4.403868276111381
4.325870902888233,4.334028579832827,4.403874045841339
4.3258788362669245,4.333916791314888,4.403924530978473
4.325775702343922,4.334002616048014,4.403768748269602
4.325890375726841,4.334015597940421,4.403734129889854
4.325788684236328,4.333924003477335,4.4039288582759415
4.325716562611852,4.333931936856027,4.4039043369236195
4.325778587208902,4.333959343073329,4.404062283281224
4.3259033576192465,4.334006943345483,4.404062283281224
4.325686992745816,4.333981700776916,4.403819233406736
4.32580238734498,4.333997567534301,4.4039555432769975
4.325718726260586,4.334001173615525,4.403863227597667
4.325761278019027,4.334089161997387,4.403830051650408
4.325762720451517,4.334041561725233,4.403706723672552
4.325689877610795,4.334020646454134,4.403484589069163
4.325857199779582,4.334066083077555,4.403474492041736
4.325642998554885,4.333921839828601,4.403347557982657
4.325892539375576,4.334022088886623,4.4035451712337235
4.326041109921999,4.334225471867649,4.4036886932664325
4.325981248973682,4.3341165682146885,4.403812021244288
4.325824023832323,4.334063919428821,4.404031992198943
4.3258283511297915,4.334242781057523,4.403793269621925
4.325895424240554,4.334111519700975,4.40385457300273
4.326042552354488,4.3342132111914875,4.40399665260295
4.325980527757438,4.334233405246341,4.403912991518556
4.325989182352375,4.334171380649291,4.4038834216525204
4.3247212841940685,4.333259763315901,4.4040731015248955
4.32357382914864,4.33139830418815,4.404877257637814
4.326325269122438,4.331835361232481,4.403918761248514
4.341035195650767,4.34312816519309,4.397540324779768
4.347181400488698,4.348068496469765,4.398777931855793
4.337748613223351,4.342725005312264,4.4036641719141105
4.33045639577248,4.336955996570349,4.404774844931056
4.32816869784407,4.335333260019616,4.404345721265418
4.327242656185785,4.334534873636655,4.403822839487961
4.326583464538065,4.33415911997313,4.404033434631433
4.326430566694174,4.333769663200955,4.404064446929958
4.326147849926224,4.33381437860813,4.403923809762228
4.326129819520105,4.333722784145044,4.404049301388818
4.326042552354488,4.333701147657701,4.4040745439573845
4.326051206949425,4.333472522108109,4.404206526530178
4.326199056279603,4.33359512886972,4.4040521862537965
4.326230068578128,4.33346819481064,4.404103392607175
4.326522882373505,4.3335143526503055,4.404155320176799
4.326464463857678,4.333623256303266,4.404179841529121
4.326403881693118,4.333559789273726,4.404012519360335
4.326560385618233,4.333477570621822,4.404332739373013
4.326586349403044,4.333371551833841,4.404477703838212
4.326747901841873,4.333446558323297,4.404523861677877
4.327065958205816,4.333494879811696,4.404469770459519
4.327339299162585,4.333572049949887,4.404501503974289
4.327653749445304,4.333738650902429,4.404376012347699
4.327823235262825,4.333895876043789,4.4041942658540165
4.327998490810304,4.333977373479447,4.403858900300198
4.327929254050806,4.334079064969961,4.403662008265377
4.327581627820827,4.334090604429877,4.403560316774864
4.32725563807819,4.3341872474066765,4.403415352309665
4.327038551988515,4.334150465378192,4.403470164744268
4.326564712915701,4.334023531319113,4.403578347180983
4.326363493583411,4.3338266392842915,4.403686529617699
4.326372148178347,4.33370403252268,4.403705281240062
4.326434172775398,4.333983143209406,4.403694462996391
4.3263101235812975,4.333792742120787,4.403660565832887
4.326416863585523,4.333961506722063,4.40361873529069
4.326246656551757,4.333789857255808,4.403684365968964
4.326241608038044,4.333853324285347,4.403561037991108
4.326470954803881,4.333929773207293,4.403560316774864
4.326402439260628,4.333955736992105,4.403680038671496
4.3264550880464965,4.333951409694636,4.4034939648803455
4.326680828731109,4.3341151257821995,4.4034954073128345
4.3266981379209835,4.3341396471345215,4.403502619475282
4.326733477516978,4.334162004838109,4.403540843936255
4.326656307378787,4.33411224091722,4.403475934474226
4.32662962237773,4.334133156188319,4.403204757166192
4.326692368191026,4.334265138761111,4.4034456433919456
4.326633228458954,4.3340934892948555,4.4035220923138905
4.326813532520147,4.334326442141917,4.403521371097646
4.3267854050866,4.334277399437273,4.403377127848692
4.326679386298619,4.334231962813853,4.40347665569047
4.326703186434697,4.3343350967368535,4.403315103251642
4.326653422513808,4.334176429163005,4.403354048928859
4.326576973591862,4.334318508763224,4.403226393653536
4.326682271163599,4.3342817267347415,4.40332231541409
4.326672895352417,4.334264417544866,4.403334576090251
4.3266238526477725,4.334175707946759,4.403284090953116
4.3267933384652935,4.334395678901414,4.403174466083912
4.3266252950802615,4.334321393628204,4.402930694993179
4.32658418575431,4.334107192403506,4.4028939129646965
4.3266238526477725,4.334149022945703,4.402847755125031
4.3267702595454605,4.334278120653517,4.402978295265335
4.3270796613144675,4.334484388499521,4.4032559635195705
4.326922436173107,4.334533431204165,4.403154993245303
4.326630343593975,4.334353127142973,4.403427612985826
4.326797665762762,4.334413709307533,4.40341895839089
4.326855363062343,4.3344757339045845,4.403392273389832
4.3267911748165595,4.334352405926729,4.403383618794894
4.326798386979006,4.334355290791708,4.403240096762186
4.3268402175212035,4.334480061202052,4.403514880151444
4.3255413070643725,4.333621092654532,4.4036382081292995
4.324512852699331,4.331940658804218,4.4042909088308155
4.3273472325412765,4.332194526922376,4.403921646113494
4.341217663360695,4.3429110791034145,4.3965839920392025
4.3490017502904985,4.349045744481429,4.397636246540323
4.339886298172849,4.342891606264806,4.403457904068106
4.331034089984541,4.337305065232817,4.404119259364561
4.329039927067752,4.335501303404647,4.403548777314947
4.327929975267051,4.334744747563883,4.403438431229498
4.327355887136214,4.334391351603946,4.4034002067685245
4.327064515773327,4.334063198212576,4.403480982987939
4.326967151580282,4.334107913619752,4.4033288063602924
4.327155389020168,4.334042282941477,4.403550219747437
4.327039994421005,4.334037234427764,4.403454297986882
4.327028454961088,4.3340437253739665,4.403424728120847
4.327156831452657,4.333974488614469,4.403419679607134
4.327168370912573,4.3339701613170005,4.403436988797008
4.327187122534938,4.333758844957282,4.403387946092363
4.3272736684843105,4.333926888342313,4.403408140147217
4.327278716998024,4.33371773563133,4.40347665569047
4.327386178218494,4.333719899280066,4.403716820699978
4.327593167280743,4.333761008606017,4.403799760568127
4.32772875593476,4.333813657391885,4.40372908137614
4.3280446486499695,4.333792742120787,4.4037824513782535
4.3283093350118005,4.3339002033412575,4.4037413420523
4.328550221237553,4.334062476996331,4.403695184212636
4.328737737461194,4.3340898832136325,4.403499734610303
4.328837265302972,4.334197344434103,4.403265339330753
4.329183449100462,4.334534873636655,4.403077823107113
4.328803368139468,4.334532709987921,4.402909779722081
4.328410305286067,4.334485109715766,4.402714330119749
4.3279256479695825,4.334411545658799,4.402997768103943
4.327481378762804,4.33420455659655,4.402884537153514
4.327369590244865,4.334286775248454,4.402866506747395
4.327468396870398,4.334345914980525,4.4030381562136505
4.327265735105618,4.33431778754698,4.402921319181997
4.327342184027563,4.3342377325438095,4.403130471892982
4.327139522262783,4.3341172894309326,4.403090804999518
4.327218856049708,4.334181477676718,4.403075659458378
4.3272513107807224,4.334162004838109,4.403038877429895
4.327313335377773,4.334229799165118,4.403023731888755
4.327363099298662,4.334171380649291,4.402968919454152
4.327380408488536,4.334120895512157,4.403067004863441
4.32765158579657,4.334332211871875,4.4029653133729285
4.327658076742773,4.3344389518761,4.403005701482636
4.327629228092982,4.334418036605002,4.402887422018494
4.327616246200575,4.334392072820191,4.4028672279636405
4.3277330832322285,4.334451933768507,4.40283693688136
4.327644373634122,4.3344548186334855,4.4028672279636405
4.327620573498044,4.334484388499521,4.402810251880303
4.327612640119352,4.334444721606059,4.402863621882416
4.3275628761984635,4.334418036605002,4.402999931752677
4.3276840405275845,4.334530546339186,4.402880209856045
4.3276602403915065,4.334505303770619,4.402779960798023
4.327674664716402,4.334540643366614,4.402821791340219
4.327591724848254,4.334469964174626,4.40269485728114
